segment,category,spend
Digital Shoppers (New),Dining,32301795.32
Digital Shoppers (New),Entertainment,64112215.2
Digital Shoppers (New),Fuel,10650705.59
Digital Shoppers (New),Groceries,16090362.45
Digital Shoppers (New),Health,16171487.69
Digital Shoppers (New),Shopping,96854051.35
Digital Shoppers (New),Travel,35305144.07
Digital Shoppers (New),Utilities,16122889.85
Everyday Essentials Loyalists,Dining,27698158.22
Everyday Essentials Loyalists,Entertainment,16715010.91
Everyday Essentials Loyalists,Fuel,55878079.15
Everyday Essentials Loyalists,Groceries,89196772.43
Everyday Essentials Loyalists,Health,11321157.38
Everyday Essentials Loyalists,Shopping,28060319.27
Everyday Essentials Loyalists,Travel,24679732.94
Everyday Essentials Loyalists,Utilities,39066367.81
Lapsed / Dormant,Dining,3031602.69
Lapsed / Dormant,Entertainment,1795916.3
Lapsed / Dormant,Fuel,2894265.9
Lapsed / Dormant,Groceries,5040770.15
Lapsed / Dormant,Health,1434281.73
Lapsed / Dormant,Shopping,4305684.59
Lapsed / Dormant,Travel,4064694.76
Lapsed / Dormant,Utilities,3363530.0
Low-Engagement Occasional,Dining,4059590.58
Low-Engagement Occasional,Entertainment,3872357.27
Low-Engagement Occasional,Fuel,4002203.16
Low-Engagement Occasional,Groceries,7979083.99
Low-Engagement Occasional,Health,3907376.81
Low-Engagement Occasional,Shopping,5978516.39
Low-Engagement Occasional,Travel,4612996.33
Low-Engagement Occasional,Utilities,7945780.82
Premium Travel & Dining Elite,Dining,103861766.48
Premium Travel & Dining Elite,Entertainment,46624891.71
Premium Travel & Dining Elite,Fuel,14039811.62
Premium Travel & Dining Elite,Groceries,38497043.89
Premium Travel & Dining Elite,Health,24286484.23
Premium Travel & Dining Elite,Shopping,95076763.94
Premium Travel & Dining Elite,Travel,296944630.41
Premium Travel & Dining Elite,Utilities,19172302.68
